{"cameraMode":{"drawMode":0,"name":"Shaded","section":"Shading Mode"},"sceneLighting":false,"audioPlay":false,"sceneViewState":{"showFog":true,"showMaterialUpdate":false,"showSkybox":false,"showFlares":true,"showImageEffects":true,"showParticleSystems":true},"in2DMode":false,"pivot":{"x":3.289130210876465,"y":2.3331360816955568,"z":-0.10832797735929489},"rotation":{"x":-0.0415513701736927,"y":0.8018041849136353,"z":-0.05613637715578079,"w":-0.5935018658638},"size":10.412881851196289,"orthographic":false}