{"cameraMode":{"drawMode":0,"name":"Shaded","section":"Shading Mode"},"sceneLighting":false,"audioPlay":false,"sceneViewState":{"showFog":true,"showMaterialUpdate":false,"showSkybox":false,"showFlares":true,"showImageEffects":true,"showParticleSystems":true},"in2DMode":false,"pivot":{"x":2.384185791015625e-7,"y":1.6801738739013672,"z":0.026667296886444093},"rotation":{"x":0.4083617031574249,"y":-0.030113546177744867,"z":0.013481742702424527,"w":0.9122339487075806},"size":7.562740325927734,"orthographic":false}