{"cameraMode":{"drawMode":0,"name":"Shaded","section":"Shading Mode"},"sceneLighting":false,"audioPlay":false,"sceneViewState":{"showFog":true,"showMaterialUpdate":false,"showSkybox":false,"showFlares":true,"showImageEffects":true,"showParticleSystems":true},"in2DMode":false,"pivot":{"x":15.65999984741211,"y":0.6200000047683716,"z":6.900000095367432},"rotation":{"x":0.275179386138916,"y":0.08494681119918823,"z":-0.02441544458270073,"w":0.9573312997817993},"size":2.8578836917877199,"orthographic":false}