{"cameraMode":{"drawMode":0,"name":"Shaded","section":"Shading Mode"},"sceneLighting":false,"audioPlay":false,"sceneViewState":{"showFog":true,"showMaterialUpdate":false,"showSkybox":false,"showFlares":true,"showImageEffects":true,"showParticleSystems":true},"in2DMode":false,"pivot":{"x":0.11183704435825348,"y":0.7253479957580566,"z":-0.4113399386405945},"rotation":{"x":0.13319247961044312,"y":0.6958556175231934,"z":-0.1337524950504303,"w":0.6929355263710022},"size":6.0452351570129398,"orthographic":false}